{"cameraMode":{"drawMode":0,"name":"Shaded","section":"Shading Mode"},"sceneLighting":false,"audioPlay":true,"sceneViewState":{"showFog":true,"showMaterialUpdate":true,"showSkybox":false,"showFlares":true,"showImageEffects":true,"showParticleSystems":true,"showVisualEffectGraphs":true,"m_FxEnabled":true},"in2DMode":false,"pivot":{"x":0.08400559425354004,"y":0.2850459814071655,"z":-0.00959324836730957},"rotation":{"x":0.004813908599317074,"y":0.9914029240608215,"z":-0.1249764934182167,"w":0.03843255341053009},"size":0.9393090009689331,"orthographic":false}