{"cameraMode":{"drawMode":0,"name":"Shaded","section":"Shading Mode"},"sceneLighting":false,"audioPlay":false,"sceneViewState":{"showFog":true,"showMaterialUpdate":false,"showSkybox":false,"showFlares":true,"showImageEffects":true,"showParticleSystems":true,"showVisualEffectGraphs":true,"m_FxEnabled":true},"in2DMode":false,"pivot":{"x":-0.21986834704875947,"y":1.1130982637405396,"z":-1.119815707206726},"rotation":{"x":-0.0010487675899639726,"y":0.9989569187164307,"z":-0.02728491649031639,"w":-0.03717924654483795},"size":1.5111325979232789,"orthographic":false}