{"cameraMode":{"drawMode":0,"name":"Shaded","section":"Shading Mode"},"sceneLighting":false,"audioPlay":false,"sceneViewState":{"showFog":true,"showMaterialUpdate":false,"showSkybox":false,"showFlares":true,"showImageEffects":true,"showParticleSystems":true,"showVisualEffectGraphs":true,"m_FxEnabled":true},"in2DMode":false,"pivot":{"x":-0.00032806396484375,"y":2.1987953186035158,"z":0.06111109256744385},"rotation":{"x":0.0015405877493321896,"y":0.9976271986961365,"z":-0.02425711415708065,"w":0.06473589688539505},"size":4.5346598625183109,"orthographic":false}