{"cameraMode":{"drawMode":0,"name":"Shaded","section":"Shading Mode"},"sceneLighting":false,"audioPlay":false,"sceneViewState":{"showFog":true,"showMaterialUpdate":false,"showSkybox":false,"showFlares":true,"showImageEffects":true,"showParticleSystems":true,"showVisualEffectGraphs":true,"m_FxEnabled":true},"in2DMode":false,"pivot":{"x":0.0027457475662231447,"y":1.0890262126922608,"z":-0.010523438453674317},"rotation":{"x":0.0015405877493321896,"y":0.9976271986961365,"z":-0.02425711415708065,"w":0.06473589688539505},"size":1.6987113952636719,"orthographic":false}