{"cameraMode":{"drawMode":0,"name":"Shaded","section":"Shading Mode"},"sceneLighting":false,"audioPlay":false,"sceneViewState":{"showFog":true,"showMaterialUpdate":true,"showSkybox":false,"showFlares":true,"showImageEffects":true,"showParticleSystems":true,"showVisualEffectGraphs":true,"m_FxEnabled":true},"in2DMode":false,"pivot":{"x":0.11482605338096619,"y":0.4124412536621094,"z":1.2799855470657349},"rotation":{"x":0.03100169450044632,"y":0.9603431820869446,"z":-0.24970240890979768,"w":0.11868015676736832},"size":1.8112674951553345,"orthographic":false}