{"cameraMode":{"drawMode":0,"name":"Shaded","section":"Shading Mode"},"sceneLighting":false,"audioPlay":false,"sceneViewState":{"showFog":true,"showMaterialUpdate":false,"showSkybox":false,"showFlares":true,"showImageEffects":true,"showParticleSystems":true,"showVisualEffectGraphs":true,"m_FxEnabled":true},"in2DMode":false,"pivot":{"x":-0.3724016845226288,"y":0.7346346974372864,"z":-0.5279399156570435},"rotation":{"x":-0.032754089683294299,"y":-0.9629203081130981,"z":0.22953356802463532,"w":-0.13755616545677186},"size":1.1469981670379639,"orthographic":false}