{"cameraMode":{"drawMode":0,"name":"Shaded","section":"Shading Mode"},"sceneLighting":false,"audioPlay":false,"sceneViewState":{"showFog":true,"showMaterialUpdate":false,"showSkybox":false,"showFlares":true,"showImageEffects":true,"showParticleSystems":true,"showVisualEffectGraphs":true,"m_FxEnabled":true},"in2DMode":false,"pivot":{"x":0.730269730091095,"y":0.7506738305091858,"z":-0.16531561315059663},"rotation":{"x":0.034558504819869998,"y":0.9643439054489136,"z":-0.16088944673538209,"w":0.20736227929592133},"size":1.4096873998641968,"orthographic":false}