{"cameraMode":{"drawMode":0,"name":"Shaded","section":"Shading Mode"},"sceneLighting":false,"audioPlay":true,"sceneViewState":{"showFog":true,"showMaterialUpdate":true,"showSkybox":false,"showFlares":true,"showImageEffects":true,"showParticleSystems":true,"showVisualEffectGraphs":true,"m_FxEnabled":true},"in2DMode":false,"pivot":{"x":0.06533384323120117,"y":1.3159656524658204,"z":0.04662728309631348},"rotation":{"x":-0.5143923759460449,"y":-0.07154884934425354,"z":0.04314561188220978,"w":-0.8534899950027466},"size":2.481174945831299,"orthographic":false}