{"cameraMode":{"drawMode":0,"name":"Shaded","section":"Shading Mode"},"sceneLighting":false,"audioPlay":false,"sceneViewState":{"showFog":true,"showMaterialUpdate":true,"showSkybox":false,"showFlares":true,"showImageEffects":true,"showParticleSystems":true,"showVisualEffectGraphs":true,"m_FxEnabled":true},"in2DMode":false,"pivot":{"x":1.4244986772537232,"y":1.3534828424453736,"z":-1.1020077466964722},"rotation":{"x":-0.008213553577661515,"y":-0.9907329082489014,"z":0.07027174532413483,"w":-0.11583772301673889},"size":5.691991329193115,"orthographic":false}