{"cameraMode":{"drawMode":0,"name":"Shaded","section":"Shading Mode"},"sceneLighting":false,"audioPlay":false,"sceneViewState":{"showFog":true,"showMaterialUpdate":false,"showSkybox":false,"showFlares":true,"showImageEffects":true,"showParticleSystems":true,"showVisualEffectGraphs":true,"m_FxEnabled":true},"in2DMode":false,"pivot":{"x":2.384185791015625e-7,"y":1.592818021774292,"z":0.07850086688995362},"rotation":{"x":0.0015405877493321896,"y":0.9976271986961365,"z":-0.02425711415708065,"w":0.06473589688539505},"size":2.97560715675354,"orthographic":false}