{"cameraMode":{"drawMode":0,"name":"Shaded","section":"Shading Mode"},"sceneLighting":false,"audioPlay":false,"sceneViewState":{"showFog":true,"showMaterialUpdate":true,"showSkybox":false,"showFlares":true,"showImageEffects":true,"showParticleSystems":true,"showVisualEffectGraphs":true,"m_FxEnabled":true},"in2DMode":false,"pivot":{"x":0.398002028465271,"y":-0.2144334614276886,"z":-0.42063483595848086},"rotation":{"x":0.29805636405944826,"y":0.5843220353126526,"z":-0.24310988187789918,"w":0.7145684361457825},"size":1.8528926372528077,"orthographic":false}