{"cameraMode":{"drawMode":0,"name":"Shaded","section":"Shading Mode"},"sceneLighting":false,"audioPlay":false,"sceneViewState":{"showFog":true,"showMaterialUpdate":false,"showSkybox":false,"showFlares":true,"showImageEffects":true,"showParticleSystems":true,"showVisualEffectGraphs":true,"m_FxEnabled":true},"in2DMode":false,"pivot":{"x":1.1920928955078126e-7,"y":1.1287455558776856,"z":-0.015284180641174317},"rotation":{"x":0.0015405877493321896,"y":0.9976271986961365,"z":-0.02425711415708065,"w":0.06473589688539505},"size":2.2687761783599855,"orthographic":false}