{"cameraMode":{"drawMode":0,"name":"Shaded","section":"Shading Mode"},"sceneLighting":false,"audioPlay":false,"sceneViewState":{"showFog":true,"showMaterialUpdate":true,"showSkybox":false,"showFlares":true,"showImageEffects":true,"showParticleSystems":true,"showVisualEffectGraphs":true,"m_FxEnabled":true},"in2DMode":false,"pivot":{"x":0.26451611518859866,"y":1.0766236782073975,"z":0.15473699569702149},"rotation":{"x":-0.05095061659812927,"y":-0.9492956399917603,"z":0.22349995374679566,"w":-0.21475569903850556},"size":2.6752190589904787,"orthographic":false}