{"cameraMode":{"drawMode":0,"name":"Shaded","section":"Shading Mode"},"sceneLighting":false,"audioPlay":false,"sceneViewState":{"showFog":true,"showMaterialUpdate":true,"showSkybox":false,"showFlares":true,"showImageEffects":true,"showParticleSystems":true,"showVisualEffectGraphs":true,"m_FxEnabled":true},"in2DMode":false,"pivot":{"x":3.4090654850006105,"y":-0.40848252177238467,"z":-2.7823238372802736},"rotation":{"x":-0.039340294897556308,"y":-0.9339512586593628,"z":0.10864557325839997,"w":-0.3381612002849579},"size":4.673953533172607,"orthographic":false}