{"cameraMode":{"drawMode":0,"name":"Shaded","section":"Shading Mode"},"sceneLighting":false,"audioPlay":true,"sceneViewState":{"showFog":true,"showMaterialUpdate":true,"showSkybox":false,"showFlares":true,"showImageEffects":true,"showParticleSystems":true,"showVisualEffectGraphs":true,"m_FxEnabled":true},"in2DMode":false,"pivot":{"x":-0.04876887798309326,"y":0.18927380442619325,"z":0.021344900131225587},"rotation":{"x":0.004813908599317074,"y":0.9914029240608215,"z":-0.1249764934182167,"w":0.03843255341053009},"size":1.4824663400650025,"orthographic":false}