{"cameraMode":{"drawMode":0,"name":"Shaded","section":"Shading Mode"},"sceneLighting":false,"audioPlay":false,"sceneViewState":{"showFog":true,"showMaterialUpdate":true,"showSkybox":false,"showFlares":true,"showImageEffects":true,"showParticleSystems":true,"showVisualEffectGraphs":true,"m_FxEnabled":true},"in2DMode":false,"pivot":{"x":1.4793931245803834,"y":0.8024775385856628,"z":2.0047342777252199},"rotation":{"x":-0.10408858209848404,"y":-0.8570675849914551,"z":0.19103603065013886,"w":-0.46698611974716189},"size":5.386106014251709,"orthographic":false}