{"cameraMode":{"drawMode":0,"name":"Shaded","section":"Shading Mode"},"sceneLighting":false,"audioPlay":false,"sceneViewState":{"showFog":true,"showMaterialUpdate":false,"showSkybox":false,"showFlares":true,"showImageEffects":true,"showParticleSystems":true,"showVisualEffectGraphs":true,"m_FxEnabled":true},"in2DMode":false,"pivot":{"x":0.014687823131680489,"y":1.4984209537506104,"z":-0.1533282995223999},"rotation":{"x":-0.002248248551040888,"y":0.9903437495231628,"z":0.016035431995987893,"w":0.1378430426120758},"size":0.8315014243125916,"orthographic":false}