{"cameraMode":{"drawMode":0,"name":"Shaded","section":"Shading Mode"},"sceneLighting":false,"audioPlay":false,"sceneViewState":{"showFog":true,"showMaterialUpdate":true,"showSkybox":false,"showFlares":true,"showImageEffects":true,"showParticleSystems":true,"showVisualEffectGraphs":true,"m_FxEnabled":true},"in2DMode":false,"pivot":{"x":1.1444904804229737,"y":0.6032336354255676,"z":-1.1113507747650147},"rotation":{"x":-0.0011824931716546417,"y":-0.998248279094696,"z":0.056363292038440707,"w":-0.020749475806951524},"size":1.7571334838867188,"orthographic":false}