{"cameraMode":{"drawMode":0,"name":"Shaded","section":"Shading Mode"},"sceneLighting":false,"audioPlay":false,"sceneViewState":{"showFog":true,"showMaterialUpdate":true,"showSkybox":false,"showFlares":true,"showImageEffects":true,"showParticleSystems":true,"showVisualEffectGraphs":true,"m_FxEnabled":true},"in2DMode":false,"pivot":{"x":0.06237220764160156,"y":0.46794283390045168,"z":0.008113324642181397},"rotation":{"x":0.3395732045173645,"y":0.47979736328125,"z":-0.2084273248910904,"w":0.7816962599754334},"size":1.135472297668457,"orthographic":false}