{"cameraMode":{"drawMode":0,"name":"Shaded","section":"Shading Mode"},"sceneLighting":false,"audioPlay":false,"sceneViewState":{"showFog":true,"showMaterialUpdate":true,"showSkybox":false,"showFlares":true,"showImageEffects":true,"showParticleSystems":true,"showVisualEffectGraphs":true,"m_FxEnabled":true},"in2DMode":false,"pivot":{"x":1.0780357122421265,"y":0.3523171842098236,"z":1.1937024593353272},"rotation":{"x":-0.06271053105592728,"y":-0.9359078407287598,"z":0.27054712176322939,"w":-0.21695096790790559},"size":3.782991886138916,"orthographic":false}