{"cameraMode":{"drawMode":0,"name":"Shaded","section":"Shading Mode"},"sceneLighting":false,"audioPlay":false,"sceneViewState":{"showFog":true,"showMaterialUpdate":true,"showSkybox":false,"showFlares":true,"showImageEffects":true,"showParticleSystems":true,"showVisualEffectGraphs":true,"m_FxEnabled":true},"in2DMode":false,"pivot":{"x":2.9573910236358644,"y":-0.5815330743789673,"z":0.36274105310440066},"rotation":{"x":-0.12350467592477799,"y":-0.6816621422767639,"z":0.11836490780115128,"w":-0.7114647030830383},"size":3.6440184116363527,"orthographic":false}