{"cameraMode":{"drawMode":0,"name":"Shaded","section":"Shading Mode"},"sceneLighting":false,"audioPlay":false,"sceneViewState":{"showFog":true,"showMaterialUpdate":true,"showSkybox":false,"showFlares":true,"showImageEffects":true,"showParticleSystems":true,"showVisualEffectGraphs":true,"m_FxEnabled":true},"in2DMode":false,"pivot":{"x":-0.5652187466621399,"y":0.14851222932338715,"z":0.37433257699012759},"rotation":{"x":0.02003076672554016,"y":-0.9746346473693848,"z":0.2004210501909256,"w":0.09740351885557175},"size":1.8761581182479859,"orthographic":false}