{"cameraMode":{"drawMode":0,"name":"Shaded","section":"Shading Mode"},"sceneLighting":false,"audioPlay":false,"sceneViewState":{"showFog":true,"showMaterialUpdate":true,"showSkybox":false,"showFlares":true,"showImageEffects":true,"showParticleSystems":true,"showVisualEffectGraphs":true,"m_FxEnabled":true},"in2DMode":false,"pivot":{"x":-0.34069666266441347,"y":1.0323845148086548,"z":0.7624296545982361},"rotation":{"x":0.029722636565566064,"y":0.9670565724372864,"z":-0.2155035138130188,"w":0.13179640471935273},"size":0.7911921143531799,"orthographic":false}