{"cameraMode":{"drawMode":0,"name":"Shaded","section":"Shading Mode"},"sceneLighting":false,"audioPlay":false,"sceneViewState":{"showFog":true,"showMaterialUpdate":false,"showSkybox":false,"showFlares":true,"showImageEffects":true,"showParticleSystems":true,"showVisualEffectGraphs":true,"m_FxEnabled":true},"in2DMode":false,"pivot":{"x":1.0275193452835084,"y":0.9351311326026917,"z":0.9474470615386963},"rotation":{"x":-0.0029395809397101404,"y":0.9970996379852295,"z":-0.051202092319726947,"w":-0.0565963014960289},"size":1.45647132396698,"orthographic":false}