{"cameraMode":{"drawMode":0,"name":"Shaded","section":"Shading Mode"},"sceneLighting":false,"audioPlay":false,"sceneViewState":{"showFog":true,"showMaterialUpdate":false,"showSkybox":false,"showFlares":true,"showImageEffects":true,"showParticleSystems":true,"showVisualEffectGraphs":true,"m_FxEnabled":true},"in2DMode":false,"pivot":{"x":0.1349101960659027,"y":1.2294899225234986,"z":-0.7021185755729675},"rotation":{"x":0.00633238535374403,"y":0.9750116467475891,"z":-0.2203952670097351,"w":0.028089983388781549},"size":0.7734267115592957,"orthographic":false}