{"cameraMode":{"drawMode":0,"name":"Shaded","section":"Shading Mode"},"sceneLighting":false,"audioPlay":true,"sceneViewState":{"showFog":true,"showMaterialUpdate":true,"showSkybox":false,"showFlares":true,"showImageEffects":true,"showParticleSystems":true,"showVisualEffectGraphs":true,"m_FxEnabled":true},"in2DMode":false,"pivot":{"x":0.2385271191596985,"y":1.2728002071380616,"z":0.00035919249057769775},"rotation":{"x":-0.27418747544288638,"y":0.4248051643371582,"z":-0.13672704994678498,"w":-0.8518515229225159},"size":1.4245645999908448,"orthographic":false}