{"cameraMode":{"drawMode":0,"name":"Shaded","section":"Shading Mode"},"sceneLighting":false,"audioPlay":false,"sceneViewState":{"showFog":true,"showMaterialUpdate":false,"showSkybox":false,"showFlares":true,"showImageEffects":true,"showParticleSystems":true,"showVisualEffectGraphs":true,"m_FxEnabled":true},"in2DMode":false,"pivot":{"x":-0.08109133690595627,"y":0.6980375051498413,"z":0.0003008079656865448},"rotation":{"x":-0.18554717302322389,"y":0.1094074547290802,"z":-0.020793601870536805,"w":-0.9763066172599793},"size":0.8660284280776978,"orthographic":false}