{"cameraMode":{"drawMode":0,"name":"Shaded","section":"Shading Mode"},"sceneLighting":false,"audioPlay":false,"sceneViewState":{"showFog":true,"showMaterialUpdate":false,"showSkybox":false,"showFlares":true,"showImageEffects":true,"showParticleSystems":true,"showVisualEffectGraphs":true,"m_FxEnabled":true},"in2DMode":false,"pivot":{"x":0.16075244545936585,"y":1.6208268404006959,"z":-2.8275465965270998},"rotation":{"x":0.010731778107583523,"y":0.9890009164810181,"z":-0.09255419671535492,"w":0.11504232883453369},"size":5.433737277984619,"orthographic":false}