{"cameraMode":{"drawMode":0,"name":"Shaded","section":"Shading Mode"},"sceneLighting":false,"audioPlay":false,"sceneViewState":{"showFog":true,"showMaterialUpdate":true,"showSkybox":false,"showFlares":true,"showImageEffects":true,"showParticleSystems":true,"showVisualEffectGraphs":true,"m_FxEnabled":true},"in2DMode":false,"pivot":{"x":1.655440330505371,"y":-0.10162055492401123,"z":1.4132254123687745},"rotation":{"x":0.06416742503643036,"y":-0.9349279403686523,"z":0.22374217212200166,"w":0.2680453360080719},"size":0.5704787373542786,"orthographic":false}