{"cameraMode":{"drawMode":0,"name":"Shaded","section":"Shading Mode"},"sceneLighting":false,"audioPlay":false,"sceneViewState":{"showFog":true,"showMaterialUpdate":true,"showSkybox":false,"showFlares":true,"showImageEffects":true,"showParticleSystems":true,"showVisualEffectGraphs":true,"m_FxEnabled":true},"in2DMode":false,"pivot":{"x":-0.6425541043281555,"y":0.267394095659256,"z":0.7103476524353027},"rotation":{"x":-0.17339923977851869,"y":0.016836192458868028,"z":-0.0029609673656523229,"w":-0.9846817255020142},"size":3.014129400253296,"orthographic":false}