{"cameraMode":{"drawMode":0,"name":"Shaded","section":"Shading Mode"},"sceneLighting":false,"audioPlay":false,"sceneViewState":{"showFog":true,"showMaterialUpdate":true,"showSkybox":false,"showFlares":true,"showImageEffects":true,"showParticleSystems":true,"showVisualEffectGraphs":true,"m_FxEnabled":true},"in2DMode":false,"pivot":{"x":-0.7623080611228943,"y":-0.5321992635726929,"z":-0.9116470813751221},"rotation":{"x":0.18956135213375092,"y":-0.6347424387931824,"z":0.16466055810451508,"w":0.7307756543159485},"size":3.4806456565856935,"orthographic":false}