{"cameraMode":{"drawMode":0,"name":"Shaded","section":"Shading Mode"},"sceneLighting":false,"audioPlay":false,"sceneViewState":{"showFog":true,"showMaterialUpdate":true,"showSkybox":false,"showFlares":true,"showImageEffects":true,"showParticleSystems":true,"showVisualEffectGraphs":true,"m_FxEnabled":true},"in2DMode":false,"pivot":{"x":-0.11656796932220459,"y":0.2689664363861084,"z":-0.10770618915557862},"rotation":{"x":0.4636724889278412,"y":-0.26011988520622256,"z":0.14490017294883729,"w":0.834372341632843},"size":1.4533082246780396,"orthographic":false}