{"cameraMode":{"drawMode":0,"name":"Shaded","section":"Shading Mode"},"sceneLighting":false,"audioPlay":false,"sceneViewState":{"showFog":true,"showMaterialUpdate":true,"showSkybox":false,"showFlares":true,"showImageEffects":true,"showParticleSystems":true,"showVisualEffectGraphs":true,"m_FxEnabled":true},"in2DMode":false,"pivot":{"x":1.9120347499847413,"y":-0.38943469524383547,"z":-3.3115077018737795},"rotation":{"x":-0.0035574552603065969,"y":-0.9896901845932007,"z":0.14139068126678468,"w":-0.02503066509962082},"size":7.0560407638549809,"orthographic":false}