{"cameraMode":{"drawMode":0,"name":"Shaded","section":"Shading Mode"},"sceneLighting":false,"audioPlay":false,"sceneViewState":{"showFog":true,"showMaterialUpdate":false,"showSkybox":false,"showFlares":true,"showImageEffects":true,"showParticleSystems":true,"showVisualEffectGraphs":true,"m_FxEnabled":true},"in2DMode":false,"pivot":{"x":-0.0008418560028076172,"y":0.956961452960968,"z":0.0008407831192016602},"rotation":{"x":0.1834862381219864,"y":-0.522765576839447,"z":0.11631139367818833,"w":0.8242833614349365},"size":0.9937727451324463,"orthographic":false}