{"cameraMode":{"drawMode":0,"name":"Shaded","section":"Shading Mode"},"sceneLighting":false,"audioPlay":false,"sceneViewState":{"showFog":true,"showMaterialUpdate":false,"showSkybox":false,"showFlares":true,"showImageEffects":true,"showParticleSystems":true,"showVisualEffectGraphs":true,"m_FxEnabled":true},"in2DMode":false,"pivot":{"x":2.7282941341400148,"y":-0.8972120881080627,"z":-5.9807000160217289},"rotation":{"x":0.032749079167842868,"y":0.9625065922737122,"z":-0.13545137643814088,"w":0.2327883243560791},"size":5.036258220672607,"orthographic":false}