{"cameraMode":{"drawMode":0,"name":"Shaded","section":"Shading Mode"},"sceneLighting":false,"audioPlay":false,"sceneViewState":{"showFog":true,"showMaterialUpdate":false,"showSkybox":false,"showFlares":true,"showImageEffects":true,"showParticleSystems":true,"showVisualEffectGraphs":true,"m_FxEnabled":true},"in2DMode":false,"pivot":{"x":0.9088776111602783,"y":0.0659743919968605,"z":-0.805112361907959},"rotation":{"x":0.034330207854509357,"y":0.9544210433959961,"z":-0.27064135670661929,"w":0.1211964562535286},"size":2.2114057540893556,"orthographic":false}