{"cameraMode":{"drawMode":0,"name":"Shaded","section":"Shading Mode"},"sceneLighting":false,"audioPlay":false,"sceneViewState":{"showFog":true,"showMaterialUpdate":true,"showSkybox":false,"showFlares":true,"showImageEffects":true,"showParticleSystems":true,"showVisualEffectGraphs":true,"m_FxEnabled":true},"in2DMode":false,"pivot":{"x":-0.003177046775817871,"y":0.12708362936973573,"z":0.00023217499256134033},"rotation":{"x":0.5334902405738831,"y":-0.43979769945144656,"z":0.382963091135025,"w":0.6127151250839233},"size":1.0372811555862427,"orthographic":false}